Place_Id,Place_Name,Place_Ratings,Description,City,Category,Image
344,Pantai Marina,2,"Pantai Marina (bahasa Jawa: ꦥꦱꦶꦱꦶꦂ​ꦩꦫꦶꦤ, translit. Pasisir Marina) adalah salah satu objek wisata pantai yang berada di kota Semarang, Jawa Tengah. Pantai ini menyimpan pemandangan eksotis khas kota Semarang. Dahulu, tempat ini merupakan hutan bakau dan tambak, tapi pemerintah setempat mengubahnya menjadi tempat rekreasi dengan cara reklamasi daratan. Hasil reklamasi dari hutan bakau ini, sekarang berupa perumahan, pertokoan, dan perkantoran, di sebelah selatan pantai.
",Semarang,Bahari,https://storage.googleapis.com/semaroam-photos/344_Pantai%20Marina.jpg
373,Museum Kereta Ambarawa,3,"Museum Kereta Api Ambarawa (bahasa Inggris: Indonesian Railway Museum, Ambarawa) adalah sebuah stasiun kereta api yang sudah dialihfungsikan menjadi sebuah museum serta merupakan museum perkeretaapian pertama di Indonesia. Museum ini memiliki koleksi kereta api yang pernah berjaya pada zamannya. Museum ini secara administratif berada di Desa Panjang, Ambarawa, Semarang. Museum yang terletak pada ketinggian +474,40 meter ini termasuk dalam Daerah Operasi IV Semarang dan dikelola oleh Unit Pusat Pelestarian dan Desain Arsitektur PT Kereta Api Indonesia bekerja sama dengan Pemerintah Provinsi Jawa Tengah.",Semarang,Budaya,https://storage.googleapis.com/semaroam-photos/373_Museum%20Kereta%20Ambarawa.png
336,Grand Maerakaca,4,"Masyarakat Jawa Tengah mungkin sudah tidak asing dengan nama “Puri Maerokoco”. Taman wisata ini merupakan “Taman Mini” versi Jawa Tengah yang menyajikan replika dan miniatur bangunan khas dari berbagai daerah di Jawa Tengah. Saat ini, Puri Maerakaca sudah berganti nama menjadi Grand Maerakaca. Dengan wahana yang lebih bervariasi, taman rekreasi ini menjadi salah satu destinasi wisata di Semarang yang cocok untuk rekreasi keluarga.",Semarang,Taman Hiburan,https://storage.googleapis.com/semaroam-photos/336_Grand%20Maerakaca.jpg
371,Wisata Eling Bening,3,"Sebuah fasilitas wisata yang dikelola dengan cara modern, untuk menimbulkan kenikmatan berwisata seperti halnya yang diinginkan oleh anak-anak muda. Namun tetap menyatu dengan lingkungan, dengan keindahan alam. Tanpa melakukan kerusakan terhadap alam. Fasilitas wisata ini adalah wisata Eling Bening di perbukitan Ngrawan. Eling Bening sejatinya sebuah Restoran yang mengusung konsep wisata keluarga. Eling Bening menawarkan pemandangan alam yang sangat indah dengan view utama Rawa Pening. Keindahan itu disempurnakan lagi dengan  adanya background Gunung Merbabu, Andong dan Telomoyo, yang terlihat berdiri dengan gagah.
",Semarang,Cagar Alam,https://storage.googleapis.com/semaroam-photos/371_Wisata%20Eling%20Bening.jpg
389,Brown Canyon,2,"Di Indonesia, Brown Canyon adalah sebuah bekas penambangan tanah di Meteseh, Tembalang, Semarang. Lokasi ini menjadi salah satu lokasi (bukan tempat wisata) yang populer di Semarang dan dianggap mirip dengan Grand Canyon di Amerika Serikat. Kemiripan ini terletak pada bukit-bukit yang berubah menjadi tebing-tebing curam.",Semarang,Cagar Alam,https://storage.googleapis.com/semaroam-photos/389_Brown%20Canyon.jpg
384,Kampung Tematik Jawi,5,"Tak dipungkiri lagi kalau Kampung Jawi Gunungpati Semarang memang sudah viral bahkan banyak dikunjungi masyarakat. Padahal wisata kuliner ini berawal dari kampung kecil, namun kini sudah banyak didatangi baik dari penduduk lokal hingga luar kota. Ketenaran pun kini juga kerap menghiasi lama sosmed. Saat mengunjungi Kampung Jawi Gunungpati ini kamu bisa merasakan atmosfer pedesaan tempo dulu. Selain itu, nuansa malam juga damai dan malam plus pencahayaan yang remang-remang, karena memang pakai lampu Sentir (lampu minyak). Jadi asik banget kalau untuk nongkrong lama-lama.",Semarang,Budaya,https://storage.googleapis.com/semaroam-photos/384_Kampung%20Tematik%20Jawi.jpg
390,Durian Gardens and Tourism Education Watu Simbar,2,"Perlu diketahui, watu simbar ini merupakan lokasi wisata yang menawarkan edukasi dari berbagai macam pohon durian. Walaupun terkesan biasa saja, hal tersebut lah yang sebenarnya menjadi keunikan tempat ini. Apabila seseorang datang kemari, orang tersebut akan bisa mempelajari banyak hal tentang pohon durian. Selain bisa mempelejari berbagai macam hal tentang pohon durian tersebut, tentu lah para pengunjung pun bisa membeli durian yang berada disana.",Semarang,Cagar Alam,https://storage.googleapis.com/semaroam-photos/390_Durian%20Gardens%20and%20Tourism%20Education%20Watu%20Simbar.jpg
367,Wisata Lereng Kelir,2,Wisata yang ada di kawasan gunung Kelir ini memang mulai populer sejak awal tahun 2021 dan para wisatawan kerap berbondong-bondong menuju kesana untuk meredam rasa penasaran tentang destinasi baru tersebut. Gunung Kelir memiliki ketinggian lebih dari 2000 mdpl dan wisata Lereng kelir berada diatas ketinggian mencapai 1384 mdpl dan 700mdpl Dari ketinggian tersebut membuat hampir seluruh kawasan kota Ambarawa bisa terlihat dan sebagian kecil wilayah Semarang selatan. Wisata gardu pandang Lereng Kelir memang bisa dikatakan lebih tinggi dari tempat wisata gardu pandang lainnya yang ada di Jawa Tengah.,Semarang,Cagar Alam,https://storage.googleapis.com/semaroam-photos/367_Wisata%20Lereng%20Kelir.png
382,Kampoeng Kopi Banaran,2,"Kampoeng Kopi Banaran, sebuah agro wisata perkebunan kopi di Kabupaten Semarang. Tempat wisata ini memiliki luas 462 hektar yang sebagian dijadikan resort dan tempat wisata. Lokasinya berada di Areal Perkebunan Kopi Kebun Getas Afdeling Assinan tepatnya Jl. Raya Semarang – Solo Km. 35. Lokasi Kampoeng Kopi Banaran yang berada di ketinggian 480 – 600m dpl membuat suhu udara disana sejuk antara 23ºC – 27ºC. Jadi cocok banget buat pelesir mencari udara dingin dan segar dengan pemandangan indah. Menghilangkan penat kesibukan Kota besar, di tengah perkebunan yang asri.",Semarang,Taman Hiburan,https://storage.googleapis.com/semaroam-photos/382_Kampoeng%20Kopi%20Banaran.jpg
376,Semarang Chinatown,2,"Terbentuknya Pecinan Semarang tak terlepas dari Geger Pecinan di Batavia (Jakarta tempo dulu) pada 1740. Kala itu warga Tionghoa memberontak pada penguasa Belanda. Buntut dari tragedi tersebut, banyak penduduk keturunan Tiongkok melarikan diri ke sepanjang pantai utara Jawa hingga akhirnya sampai di Semarang. Hingga 1743, pemberontakan masih terus berlangsung hingga akhirnya mampu dihentikan total oleh tentara Belanda. Pemerintah kolonial lantas memutuskan untuk mengumpulkan warga Tionghoa dalam satu lokasi. Setelah sempat menempati daerah Simongan dekat Klenteng Sam Poo Kong, mereka kemudian dipindah ke Kali Semarang hingga akhirnya dikenal sebagai kawasan Pecinan sampai sekarang.",Semarang,Budaya,https://storage.googleapis.com/semaroam-photos/376_Semarang%20Chinatown.jpg
348,Pura Giri Natha,5,"Awal berdirinya Pura Agung Giri Natha tidak terlepas dari hadirnya pemeluk umat Hindu dari berbagai daerah yang mulai berdatangan dan menetap di Semarang. Sebelum menetap, umat Hindu yang ada di Semarang awalnya datang untuk bekerja dan mencari ilmu. Sekitar tahun 1967/1968 para pemeluk agama Hindu yang ada di Semarang mengusulkan kepada pemerintah Semarang, untuk dibangunnya tempat peribadatan. Karena sebelumnya umat Hindu ketika melaksanakan sembahyang lokasinya dari rumah ke rumah. Setuju dengan usulan tersebut, akhirnya pemerintah Semarang memberikan pilihan beragam lokasi yang sekira tepat dan pas untuk dibangun sebuah tempat suci yakni pura.",Semarang,Budaya,https://storage.googleapis.com/semaroam-photos/348_Pura%20Giri%20Natha.jpg
377,La Kana Chapel,3,"La Kana Chapel menawarkan konsep baru standing party, manjakan selera Anda dengan menu memasak langsung spesial masakan segar ala menit di piring Anda. Ini adalah Tempat Pernikahan Kerajaan di Tempat Terindah di Gunung. Bagi Anda yang menginginkan Sentuhan Kemewahan dan Glamour untuk Pesta Outdoor dan Indoor. Kapel La Kana dapat menampung hingga 48 orang di kapel dan 500 lebih di halaman. Dan ballroom dapat menampung 1000 orang",Semarang,Taman Hiburan,https://storage.googleapis.com/semaroam-photos/377_La%20Kana%20Chapel.jpg
383,Taman Tabanas,2,"Taman Tabanas merupakan sebuah taman yang letaknya berada di Tanjakan Gombel Semarang. Dari Taman Tabanas Semarang ini pengunjung bisa melihat landscape pemandangan kota Semarang menjadikan Taman Tabanas ini menjadi salah satu daya tarik untuk dikunjungi. Di sekitar Taman Tabanas Semarang ini terdapat Cafe, Resto dan Hotel, yang menambah indah dan menjadi satu daya tarik tersendiri Taman Tabanas Semarang. Taman Tabanas juga memiliki nama Gardu Pandang Gombel Semarang meski warga Semarang sendiri lebih mengnal taman ini dengan nama Taman Tabanas.",Semarang,Taman Hiburan,https://storage.googleapis.com/semaroam-photos/383_Taman%20Tabanas.jpg
391,Flower Farm Setiya Aji,2,"Di taman bunga Setiya Aji Flower Farm kita bisa melihat warna-warni bunga krisan yang terlihat sangat cantik. Selain itu lokasinya yang berada di dataran tinggi membuat udara di kebun bunga Bandungan ini terasa cukup segar. Taman bunga Setiya Aji Flower Farm Bandungan ini dalam sekejab menarik perhatian wisatawan, terutama kalangan anak muda yang penasaran ingin melihat keindahan bunga-bunga di tempat wisata Semarang tersebut. Kini Setiya Aji Flower Farm menjadi salah satu tempat wisata favorit di Bandungan yang wajib dikunjungi, terutama bagi wisatawan yang sedang mencari objek wisata romantis di Kabupaten Semarang selain di Gedong Songo.",Semarang,Cagar Alam,https://storage.googleapis.com/semaroam-photos/391_Flower%20Farm%20Setiya%20Aji.jpg
346,Indonesia Kaya Park,4,"Lokasi Taman Indonesia Kaya yang berada di pusat kota Semarang, membuat taman seluas 5.000 meter persegi ini bisa difungsikan sebagai wadah berkesenian komunitas seniman Jawa Tengah. Di sini ada Panggung Budaya yang dibangun dengan dua sisi yang semuanya bisa digunakan. Lalu ada Taman Pandawa Lima yang dibuat oleh Komroden Haro, Pelataran Penikmat Seni, Amphitheater, Area Hijau, Gerbang Mural karya lima seniman muda Semarang, dan tak ketinggalan ada Air Mancur Menari. Air Mancur Menari ini dibangun oleh Pemerintah Kota Semarang yang dapat bergerak mengikuti alunan musik klasik dan lagu-lagu perjuangan Indonesia. Air Mancur Menari tersebut dijadwalkan akan menyala setiap hari pada pukul 19.00 - 20.00 dan sampai pukul 21.00 di akhir pekan.",Semarang,Taman Hiburan,https://storage.googleapis.com/semaroam-photos/346_Indonesia%20Kaya%20Park.jpg
381,Tugu Muda Semarang,3,"Tugu Muda (""Monumen Pemuda"" Indonesia) adalah sebuah monumen batu di Semarang, Jawa memperingati perjuangan kemerdekaan oleh pemuda Indonesia. Itu didedikasikan oleh Presiden Sukarno pada 20 Mei 1953 untuk memperingati pertempuran lima hari terus menerus antara pemuda Semarang dan batalyon Jepang yang dipimpin oleh Mayor Kido dari 14-19 Oktober 1945. Pasukan Jepang mengusir Belanda dari Indonesia sebagai ""kakak laki-laki Asia""; namun, Jepang lebih kejam terhadap pembangkang daripada rekan-rekan Belanda mereka. Tugu batu tersebut terdiri dari sebuah pondasi, badan dan kepala. Satu sisi tugu dibuat dalam relief, dengan kolam hias dan taman yang mengelilinginya.",Semarang,Budaya,https://storage.googleapis.com/semaroam-photos/381_Tugu%20Muda%20Semarang.jpg
368,Kampoeng Rawa,3,"Kampoeng Rawa (disebut juga Kampung Rawa) adalah objek wisata di Ambarawa, Jawa Tengah, yang terletak di sabuk hijau di sekitar Danau Rawa Pening. Dibuka pada Agustus 2012, tempat ini dimiliki dan dioperasikan oleh dua belas kelompok petani dan nelayan yang didanai oleh Artha Prima Credit Union. Kompleks tersebut dimaksudkan untuk mempengaruhi kesejahteraan petani dan melayani lokal disamping mempromosikan ekologi danau di wilayah tersebut. Fasilitasnya meliputi restoran mengapung, pendopo, pusat kerajinan, tempat memancing, dan dok. Pada hari libur, tempat ini dikunjungi oleh ratusan pengunjung. Kompleks ini disengketakan perizinannya karena dibangun di sabuk hijau dan kemungkinan dampak ekologinya.",Semarang,Cagar Alam,https://storage.googleapis.com/semaroam-photos/368_Kampoeng%20Rawa.jpg
335,Candi Gedong Songo,3,"Candi Gedong Songo (bahasa Jawa: ꦕꦤ꧀ꦝꦶ​ꦒꦼꦝꦺꦴꦁ​ꦱꦔ, translit. Candhi Gedhong Sanga) adalah nama sebuah kompleks bangunan candi peninggalan budaya Hindu yang terletak di desa Candi, Kecamatan Bandungan, Kabupaten Semarang, Jawa Tengah, Indonesia tepatnya di lereng Gunung Ungaran. Di kompleks candi ini terdapat sembilan buah candi.\nCandi ini diketemukan oleh Raffles pada tahun 1804 dan merupakan peninggalan budaya Hindu dari zaman Wangsa Syailendra abad ke-9 (tahun 927 masehi).Candi ini memiliki persamaan dengan kompleks Candi Dieng di Wonosobo. Candi ini terletak pada ketinggian sekitar 1.200 m di atas permukaan laut sehingga suhu udara di sini cukup dingin (berkisar antara 19-27 °C)\nLokasi sembilan candi yang tersebar di lereng Gunung Ungaran ini memiliki pemandangan alam yang indah. Selain itu, objek wisata ini juga dilengkapi dengan pemandian air panas dari mata air yang mengandung belerang, area perkemahan, dan wisata berkuda.",Semarang,Budaya,https://storage.googleapis.com/semaroam-photos/335_Candi%20Gedong%20Songo.png
359,Taman Bunga Celosia,2,"Wisata Semarang menawarkan berbagai tempat wisata menarik. Salah satunya yaitu berkunjung ke Taman Bunga Celosia Bandungan. Lokasinya berada di kaki Gunung Ungaran, Semarang. Menawarkan pemandangan sekitar yang alami dengan panorama pegunungan Ungaran merupakan daya tarik utama taman rekreasi ini. Begitu sampai di sini area parkir yang luas langsung menyambut dan tak ketinggalan gapura selamat datang. Sepanjang perjalanan menuju ke loket tiket, terdapat pagar berbentuk pensil raksasa warna warni. Sebagai tambahan di sekitar pagar terdapat bunga warna-warni yang menghiasi perjalanan menuju loket masuk.",Semarang,Cagar Alam,https://storage.googleapis.com/semaroam-photos/359_Taman%20Bunga%20Celosia.png
385,Kampung Batik Gedong Semarang,4,"Kampung Batik Semarang merupakan salah satu kampung di Kota Semarang yang unik dan menarik yang selalu dikaitkan dengan batik Semarang sejak zaman dulu hingga sekarang. Kampung Batik Semarang ini letaknya ada di seputar daerah Bubagan Semarang. Kampung Batik Semarang dalam sejarah dari tahun 1970 sampai 1980 an, pada saat itu mati total tidak ada aktivitas membatik. Baru kemudian pada tahun 2005 mulai ada kegiatan, hal ini berlangsung karena ada anggapan “kok namanya Kampung Batik Semarang”. Akan tetapi, kok tidak ada orang yang membatik, maka mulailah kegiatan seperti pelatihan membatik sering digalakan, hal ini bertujuan untuk memfasilitasi dan merevitalisasi Kampung Batik Semarang. Pada waktu itu terkenal dengan Batik Krajan, Batik Gedong, Batik Tengah, Batik Malang, Batik Kubur Sari dan Batik Kandang Wedus yang terkenal dengan motifnya sendiri-sendiri. Akan tetapi sayang motif itu tidak terekam secara visual, dan ini sebenarnya menjadi harta karun yang belum ditemukan sampai sekarang visual pada motif batik-batik ini.",Semarang,Budaya,https://storage.googleapis.com/semaroam-photos/385_Kampung%20Batik%20Gedong%20Semarang.jpeg
379,Goa Rong,4,"Semarang memiliki wisata di ketinggian bernama Goa Rong. Keberadaan kawasan wisata ini menunjukkan bahwa Semarang tak hanya identik dengan Lawang Sewu atau Kota Lama saja. Meskipun bernama Goa Rong, tempat yang menonjol di sini bukanlah gua nya. Melainkan daerah ketinggian dengan pemandangan yang menakjubkan. Sementara di objek wisata ini, bagian gua-nya hanya lorong yang sempit dan tidak memungkinkan dimasuki oleh manusia. Namun sebaliknya, pemandangan yang tersaji dari atas bukitnya begitu menakjubkan. Wisatawan dapat menghabiskan waktu dengan berfoto, menikmati pemandangan, atau kuliner di cafe. Bahkan, tersedia juga fasilitas outbond.",Semarang,Cagar Alam,https://storage.googleapis.com/semaroam-photos/379_Goa%20Rong.png
378,Jembatan Biru Ambarawa,5,"Jembatan ini terletak di Tuntang, Kab. Semarang, Jawa tengah. dekat dengan rawa pening dan Sungai Tuntang. Kalau yang biasa mondar mandir salatiga-semarang, pasti tidak asing dengan yang namanya Jembatan Tuntang. Nah.. Sungai Tuntang ini berada tepat di bawah Jembatan tuntang yang bermuara di Rawa Pening. Bagi pengunjung yang senang berfoto, Wisata Jembatan Biru memiliki beberapa spot foto terbaik, salah satunya adalah di tengah jembatan. Jika beruntung, pengunjung juga akan melihat kereta uap yang melintas di depan tempat Wisata Jembatan Biru. Dari atas jembatan pengunjung juga bisa melihat Gunung Ungaran, Gunung Temoloyo dan juga Gunung Merbabu.",Semarang,Taman Hiburan,https://storage.googleapis.com/semaroam-photos/378_Jembatan%20Biru%20Ambarawa.jpg
341,Hutan Wisata Tinjomoyo Semarang,5,"Awalnya taman wisata hutan Tinjomoyo Semarang (smg) ini merupakan sebuah kebun binatang dengan ragam binatang hutan di dalamnya. Namun terjadi banjir besar, hingga memutuskan jembatan besar yang menjadi akses utama menuju hutan wisata. Hutan Tinjomoyo sendiri memiliki kontur wilayah dengan perpaduan bukit, sungai dan hutan. Tumbuhan yang paling banyak terdapat di sini adalah vegetasi pohon jati serta pinus. Oleh karena itu, tak heran jika kawasan ini cocok sekali dijadikan hutan wisata yang masih alami.Dengan luas lahan 57,5 hektare area tersebut lebih sering dimanfaatkan sebagai tempat berkemah",Semarang,Cagar Alam,https://storage.googleapis.com/semaroam-photos/341_Hutan%20Wisata%20Tinjomoyo%20Semarang.jpg
339,Sam Poo Kong Temple,3,"Sam Poo Kong (Hanzi: ; Pinyin: Sānbǎo Dòng), juga dikenal sebagai Kuil Gedung Batu, adalah kuil Tionghoa tertua di Semarang, Jawa Tengah, Indonesia. Awalnya didirikan oleh penjelajah Muslim Tionghoa Zheng He (juga dikenal sebagai Sanbao), sekarang dibagi oleh orang Indonesia dari berbagai denominasi agama, termasuk Muslim dan Budha, dan etnis, termasuk Tionghoa dan Jawa.",Semarang,Budaya,https://storage.googleapis.com/semaroam-photos/339_Sam%20Poo%20Kong%20Temple.jpg
355,Umbul Sidomukti,4,"Kawasan wisata umbul Sidomukti merupakan salah satu Wisata Alam Pegunungan di Semarang, berada di Desa Sidomukti Kecamatan Bandungan Kabupaten Semarang. Kawasan wisata ini dengan didukung fasiltas & Servis: Outbond Training, Adrenalin Games, Taman Renang Alam, Camping Ground, Pondok Wisata, Pondok Lesehan, serta Meeting Room.",Semarang,Cagar Alam,https://storage.googleapis.com/semaroam-photos/355_Umbul%20Sidomukti.jpeg
369,Monumen Palagan Ambarawa,5,"Monumen Palagan Ambarawa adalah sebuah monumen yang terdapat di Ambarawa, Kabupaten Semarang.\nMonumen ini merupakan simbol untuk mengenang sejarah pertempuran Palagan Ambarawa pada tanggal 12 Desember - 15 Desember 1945 Ambarawa. Pasukan Sekutu yang terdesak dari Magelang mengadakan pengunduran ke Ambarawa, dan pasukan TKR yang dipimpin Kolonel Soedirman berhasil menghancurkan Sekutu pada tanggal 15 Desember 1945, di mana kini diperingati sebagai Hari Infanteri.Monumen Palagan Ambarawa dibangun pada tahun 1973 dan diresmikan pada 15 Desember 1974 oleh Presiden Soeharto. Gambaran singkat sejarah pertempuran bisa dilihat pada relief yang dibuat pada dinding Monumen Palagan Ambarawa.\nDi monumen ini Anda dapat menemukan peninggalan pemerintahan Jepang dan Belanda. Anda dapat melihat seragam para tentara Jepang dan Belanda, senjata perang, seragam tentara Indonesia, dan barang bersejarah lain. Untuk ukuran yang agak besar, Anda dapat menemukan beberapa tank kuno, kendaraa angkut personil dan meriam yang digunakan dalam pertempuran tersebut. Yang paling menarik adalah Anda dapat menemukan pesawat Mustang Belanda yang berhasil ditembak jatuh ke dalam Rawa Pening
",Semarang,Budaya,https://storage.googleapis.com/semaroam-photos/369_Monumen%20Palagan%20Ambarawa.jpg
362,Danau Rawa Pening,2,"Rawa Pening (pening adalah salah satu varian bahasa Jawa dari kata ""wening"" yang artinya hening, tenang, damai) (bahasa Jawa: ꦫꦮ​ꦥꦼꦤꦶꦁ, translit. Rawa Pening) adalah danau alam di Kabupaten Semarang, Jawa Tengah. Dengan luas 2.670 hektare ia menempati wilayah Kecamatan Ambarawa, Bawen, Tuntang, dan Banyubiru.Rawa Pening terletak di cekungan terendah lereng Gunung Merbabu, Gunung Telomoyo, dan Gunung Ungaran. Danau ini dangkal dan menjadi hulu bagi Sungai Tuntang.
",Semarang,Cagar Alam,https://storage.googleapis.com/semaroam-photos/362_Danau%20Rawa%20Pening.jpg
342,Taman Kasmaran,5,"Taman Kasmaran terletak di sebelah kiri Pasar Bunga. Gedung food court dan Taman Kasmaran dibangun dua lantai. Lantai bawah utuk spot dijadikan wisata kuliner, sementara lantai atas menjadi taman. Tidak sekadar taman biasa, Taman Kasmaran itu dilengkapi dengan pemandangan yang amat menarik dengan background Kampung Pelangi. Taman Kasmaran cukup luas, dilengkapi perabotan kursi dan meja ala kafe. Lokasi baru ini diyakini akan menjadi spot alternatif selfie terbaru di Kota Semarang.",Semarang,Taman Hiburan,https://storage.googleapis.com/semaroam-photos/342_Taman%20Kasmaran.jpg
365,Waduk Jatibarang,5,"Waduk Jatibarang merupakan sebuah waduk yang berada di Kota Semarang. Pembangunan waduk ini selesai setelah sekitar empat tahun pembangunan dan memulai proses pengisian air pada tanggal 5 Mei 2014 bertepatan dengan Hari Air Dunia Ke-22 oleh Menteri Pekerjaan Umum Djoko Kirmanto bersama Gubernur Jawa Tengah Ganjar Pranowo dan Kepala Balai Besar Wilayah Sungai Pemali Juwana Imam Santoso.\nWaduk Jatibarang mulai resmi beroperasi pada 11 Mei 2015. Peresmian tersebut dilakukan oleh Direktur Jenderal Sumber Daya Air Kementerian Pekerjaan Umum dan Perumahan Rakyat, Mudjiadi bertepatan dengan peringatan Hari Air Dunia Ke-23 Tingkat Provinsi Jawa Tengah.\nWaduk Jatibarang mempunyai daya tampung 20,4 juta meter kubik . Selain untuk mengatasi masalah banjir, juga menjadi salah satu destinasi wisata Semarang karena di tengah waduk ini terdapat pulau kecil yang di dalamnya terdapat objek wisata lain yaitu Goa Kreo.",Semarang,Cagar Alam,https://storage.googleapis.com/semaroam-photos/365_Waduk%20Jatibarang.jpeg
340,Desa Wisata Lembah Kalipancur,3,"Wisata alam tengah menjadi sorotan bagi dunia pariwisata. Wisata alam tidak hanya pegunungan, danau, hutan, air terjun, atau pantai. Tapi juga merambah ke konsep pedesaan, seperti Desa Wisata Lembah Kalipancur. Tempat wisata ini menawarkan rekreasi berkonsep pedesaan yang ada di Kota Semarang. Meskipun berkonsep pedesaan, lokasinya tidak jauh dari pusat kota. Dan objek wisata yang sudah lama berdiri ini, masih tetap diminati oleh wisatawan.",Semarang,Taman Hiburan,https://storage.googleapis.com/semaroam-photos/340_Desa%20Wisata%20Lembah%20Kalipancur.jpg
360,Air Terjun Kali Pancur,3,"Kali Pancur Getasan merupakan kawasan wisata alam Air Terjun Kali Pancur ini berada di Desa Nogosaren, Kecamatan Getasan, Kabupaten Semarang, sekitar 14 km sebelah barat Kota Salatiga. Untuk menuju ke lokasi objek wisata ini tidak ada sarana transportasi umum, jadi harus membawa kendaraan sendiri.",Semarang,Cagar Alam,https://storage.googleapis.com/semaroam-photos/360_Air%20Terjun%20Kali%20Pancur.jpg
357,Wisata Alam Wana Wisata Penggaron,3,"Berada sekitar 2 KM dari Kota Ungaran atau sekitar 18 KM dari Kota Semarang, Kawasan Wana Wisata Penggaron secara administratif berada di Desa Susukan, Kecamatan Ungaran, Kabupaten semarang. Area ini merupakan salah satu hutan binaan Kesatuan Bisnis Mandiri Wisata, Benih dan Usaha Lain (KBM WBU I) Perum Perhutani Unit I Jateng. Wana Wisata Penggaron atau Wisata Alam Wana Wisata Penggaron merupakan sebuah tempat wisata hutan yang bisa anda gunakan untuk berlibur bersama keluarga anda, salah satunya untuk camping. Tempat ini banyak di jadikan sebagai tempat untuk camping atau berlibur oleh masyarakat Semarang. Wana Wisata Penggaron sebuah hutan yang eksotis, sayangnya surga di kota semarang ini jarang tersentuh mata. Bagi pengunjung yang bertanya kepada penjaga loket, dengan jawaban yang sederhana dan apa adanya “hutan biasa yang sering dipake kemah, tidak ada yang istimewa”, tentunya akan merasa kecewa.",Semarang,Cagar Alam,https://storage.googleapis.com/semaroam-photos/357_Wisata%20Alam%20Wana%20Wisata%20Penggaron.jpg
347,Taman Pandanaran,3,"Dalam sejarah yang tercatat, dulunya tempat ini merupakan kawasan SPBU yang tak begitu laku. Bekas SPBU tersebut dirombak total menjadi sebuah taman. Konon, luas tanah 600 meter persegi tersebut direnovasi menjadi taman dengan dana sekitar Rp1,8 M. Taman Pandanaran ini beralamatkan di Jalan Pandanaran, Mugassari, Semarang Selatan. Tepatnya, berada di pertigaan antara Jalan Pandanaran dan Jalan MH.Thamrin. Sayangnya, untuk mendapatkan parkir di sini cukup susah. Beberapa pengunjung bahkan harus memarkirkan kendaraannya di depan warung makan di sekitaran taman.",Semarang,Taman Hiburan,https://storage.googleapis.com/semaroam-photos/347_Taman%20Pandanaran.jpeg
375,Kota Lama Semarang,3,"Kota Lama Semarang (bahasa Jawa: ꦏꦸꦛ​ꦭꦩ​ꦱꦼꦩꦫꦁ, translit. Kutha Lama Semarang) adalah suatu kawasan di Semarang yang menjadi pusat perdagangan pada abad 19-20 . Pada masa itu, untuk mengamankan warga dan wilayahnya, kawasan itu dibangun benteng, yang dinamai benteng Vijhoek. Untuk mempercepat jalur perhubungan antar ketiga pintu gerbang dibenteng itu maka dibuat jalan-jalan perhubungan, dengan jalan utamanya dinamai: Heeren Straat. Saat ini bernama Jl. Let Jen Soeprapto. Salah satu lokasi pintu benteng yang ada sampai saat ini adalah Jembatan Berok, yang disebut De Zuider Por.\nKawasan Kota Lama Semarang disebut juga Outstadt. Luas kawasan ini sekitar 31 hektare. Dilihat dari kondisi geografi, tampak bahwa kawasan ini terpisah dengan daerah sekitarnya, sehingga tampak seperti kota tersendiri dengan julukan ""Little Netherland"". Kawasan Kota Lama Semarang ini merupakan saksi bisu sejarah Indonesia masa kolonial Belanda lebih dari 2 abad, dan lokasinya berdampingan dengan kawasan ekonomi. Di tempat ini ada sekitar 50 bangunan kuno yang masih berdiri dengan kukuh dan mempunyai sejarah Kolonialisme di Semarang. Secara umum karakter bangunan di wilayah ini mengikuti bangunan-bangunan di benua Eropa sekitar tahun 1700-an. Hal ini bisa dilihat dari detail bangunan yang khas dan ornamen-ornamen yang identik dengan gaya Eropa. Seperti ukuran pintu dan jendela yang luar biasa besar, penggunaan kaca-kaca berwarna, bentuk atap yang unik, sampai adanya ruang bawah tanah.Seperti kota-kota lainnya yang berada di bawah pemerintahan kolonial Belanda, dibangun pula benteng sebagai pusat militer. Benteng ini berbentuk segi lima dan pertama kali dibangun di sisi barat kota lama Semarang saat ini. Benteng ini hanya memiliki satu gerbang di sisi selatannya dan lima menara pengawas. Masing-masing menara diberinama: Zeeland, Amsterdam, Utrecht, Raamsdonk dan Bunschoten. Pemerintah Belanda memindahkan permukiman Tionghoa pada tahun 1731 di dekat permukiman Belanda, untuk memudahkan penga- wasan terhadap segala aktivitas orang Tionghoa. Oleh sebab itu, Benteng tidak hanya sebagai pusat militer, tetapi juga sebagai menara pengawas bagi segala aktivitas kegiatan orang Tionghoa.\nKota Lama menjadi salah satu ikon primadona bagi warga Kota Semarang sampai Mancanegara turut datang ke Kota Lama ini. Rencananya Kota Lama Semarang akan diajukan oleh Situs Warisan Dunia UNESCO.",Semarang,Budaya,https://storage.googleapis.com/semaroam-photos/375_Kota%20Lama%20Semarang.jpg
374,Hutan Pinus Kayon,3,"Tak dipungkiri Hutan Pinus Kayon Getasan dekat Salatiga ini memang merupakan salah satu tempat wisata yang indah dan memanjakan mata. Pengunjung akan disuguhkan dengan jajaran hutan pinus yang rapi dan asri. Deretan pohon ini pun memang memikat dan tentunya Hutan pinus Kayon atau disebut Hutan pinus Kalipasang bisa menjadi salah satu alternatif wisata keluarga. Selain disana sudah terbilang komplit, jalan-jalan di dalam hutan pun sudah berupa cor. Dengan demikian, tentunya makin memanjakan pengunjung saat explorasi kawasan wisata ini.",Semarang,Cagar Alam,https://storage.googleapis.com/semaroam-photos/374_Hutan%20Pinus%20Kayon.jpg
349,Wisata Mangrove Tapak,2,"Wisata hutan mangrove Semarang hampir tak pernah sepi dikunjungi wisatawan. Tak jarang pengunjung yang datang ke wisata cantik ini baik berswafoto maupun sekedar jalan-jalan menapaik selasar kayu. Obyek ini pun juga instagramable dan pas dibagikan di sosmed, bahkan banyak diburu oleh mereka yang berkecimpung di bidang fotografi.",Semarang,Cagar Alam,https://storage.googleapis.com/semaroam-photos/349_Wisata%20Mangrove%20Tapak.jpg
366,Tirto Argo Siwarak,2,"Kolam Renang Tirto Argo Siwarak, merupakan kolam renang yang berada di Ungaran. Keberadaannya yang dekat dengan Kota Semarang menjadikan tempat wisata ini cukup populer. Bahkan, tidak jarang wisatawan Semarang dan sekitarnya datang berkunjung. Hadir dengan kolam renang dan taman rekreasi sederhana, justru menjadi daya tarik tersendiri. Terbukti, pengunjung yang datang tidak pernah surut. Bahkan, selalu ada pengunjung dan ramai ketika liburan.",Semarang,Taman Hiburan,https://storage.googleapis.com/semaroam-photos/366_Tirto%20Argo%20Siwarak.jpg
372,Gua Maria Kerep Ambarawa,4,"Gua Maria Kerep (Gua Maria Kerep Ambarawa, disinglkat GMKA), adalah sebuah tempat ziarah yang terletak di Jalan Tentara Pelajar, Kelurahan Panjang, Ambarawa. Tempat ini adalah tempat yang cukup baik untuk berdoa, berziarah, dan menyegarkan diri. Jaraknya sekitar 500 m dari Terminal Ambarawa. Karena jauh dari jalan raya, maka daerah ini cukup tenang. Dari tempat ini dapat terlihat pemandangan Gunung Telomoyo, Gunung Merbabu, dan Danau Rawa Pening. Gua Maria Kerep memiliki fasilitas bagi para peziarah, antara lain Jalan Salib, Tempat Doa Lesehan, Gereja, dan sebuah taman.",Semarang,Cagar Alam,https://storage.googleapis.com/semaroam-photos/372_Gua%20Maria%20Kerep%20Ambarawa.jpg
338,Lawang Sewu,2,"Lawang Sewu (""Seribu Pintu"") (bahasa Jawa: ꦭꦮꦁ​ꦱꦺꦮꦸ, translit. Lawang Sèwu) adalah landmark di Semarang, Jawa Tengah, Indonesia, yang dibangun sebagai kantor pusat Perusahaan Kereta Api Hindia Belanda. Bangunan era kolonial terkenal sebagai rumah berhantu dan lokasi syuting, meskipun pemerintah kota Semarang telah berusaha mengubah citra itu.",Semarang,Budaya,https://storage.googleapis.com/semaroam-photos/338_Lawang%20Sewu.jpeg
386,Air Terjun Semirang,3,"Terletak di lereng Gunung Ungaran bagian utara, terdapat sebuah air terjun yang eksotis dengan kolam renang yang berwarna hijau yang dikelilingi popohonan dan kesejukan udara pegunungan. Nama lokasi tersebut adalah Air Terjun Semirang atau disebut juga Curug Semirang. Dan masyarakat Semarang menyebutnya dengan Curug Semarang. Karena keindahannya lokasi wisata ini sering dikunjungi oleh para wisatawan pada saat hari-hari biasa, apalagi saat liburan tiba. Air terjun Semirang atau Curug Semirang berada di kawasan hutan lindung dengan luas 10 hektar di bawah pengelolaan perum perhutani. Adapun air terjun ini memiliki ketinggian sekitar 45 meter. Jarak lokasi parkiran dengan lokasi air terjun sekitar 500 meter. Dan selama perjalanan, para pengunjung akan disuguhkan pemandangan alam yang masih asri dengan kesegaran udara yang sangat sejuk.",Semarang,Cagar Alam,https://storage.googleapis.com/semaroam-photos/386_Air%20Terjun%20Semirang.jpg
337,Kampung Pelangi,5,"Kampung pelangi atau dalam bahasa Inggris disebut Rainbow Village merupakan sebutan untuk daerah atau kampung yang rumah-rumah penduduknya dicat dengan warna-warni. Sebenarnya Kampung Pelangi pada awalnya merupakan daerah kumuh yang dikemudian secara kreatif diubah menjadi daerah yang menarik untuk dijadikan sebagai destinasi wisata, terutama bagi masyarakat yang senang atau sedang mencari spot yang menarik untuk mengabadikan momen.\nBanyak daerah-daerah di Indonesia, terutama di jawa memliki tempat yang disebut Kampung pelangi, antara lain di Malang, Semarang, Jakarta, Bandung, dan kota-kota lainnya. Contoh kampung seperti ini yaitu, kampung warna-warni di Jodipan dan Tridi, Kota Malang, Jawa Timur.",Semarang,Taman Hiburan,https://storage.googleapis.com/semaroam-photos/337_Kampung%20Pelangi.jpg
352,GPIB Immanuel Semarang (Gereja Blenduk),2,"GPIB Immanuel Semarang (populer dengan nama Gereja Blenduk, kadang-kadang dieja Gereja Blendug, dan sering kali dilafazkan sebagai mBlendhug) (bahasa Jawa: ꦒꦿꦺꦗ​ꦧ꧀ꦭꦼꦤ꧀ꦝꦸꦏ꧀, translit. Gréja Blendhuk) adalah Gereja Kristen tertua di Jawa Tengah yang dibangun oleh masyarakat Belanda yang tinggal di kota itu pada 1753, dengan bentuk oktagonal (persegi delapan). Gereja ini sesungguhnya bernama Gereja GPIB Immanuel, di Jl. Letjend. Suprapto 32. Kubahnya besar, dilapisi perunggu, dan di dalamnya terdapat sebuah orgel Barok. Arsitektur di dalamnya dibuat berdasarkan salib Yunani. Gereja ini direnovasi pada 1894 oleh W. Westmaas dan H.P.A. de Wilde, yang menambahkan kedua menara di depan gedung gereja ini. Nama Blenduk adalah julukan dari masyarakat setempat yang berarti kubah. Gereja ini hingga sekarang masih dipergunakan setiap hari Minggu. Di sekitar gereja ini juga terdapat sejumlah bangunan lain dari masa kolonial Belanda.
",Semarang,Tempat Ibadah,https://storage.googleapis.com/semaroam-photos/352_GPIB%20Immanuel%20Semarang%20(Gereja%20Blenduk).jpg
356,Saloka Theme Park,3,"SALOKA hadir sebagai taman rekreasi terbesar di Tengah Jawa yang masuk dalam daftar destinasi wisata Pesona Indonesia, serta mengusung konsep kearifan lokal berdasarkan legenda rakyat Baru Klinthing.",Semarang,Taman Hiburan,https://storage.googleapis.com/semaroam-photos/356_Saloka%20Theme%20Park.jpg
358,Masjid Kapal Semarang,4,"Masjid Safinatun Najah atau pengunjung biasa menyebutnya dengan Masjid Kapal Semarang kini menjadi wisata religi yang ramai dikunjungi saat bulan Ramadan. Masjid yang berlokasi di berlokasi di Jalan Kyai Padak, Podorejo, Kec. Ngaliyan, Kota Semarang mulai ramai didatangi pengunjung saat menjelang buka puasa. Umumnya tujuan utama mereka yang datang kesini untuk beribadah, selain itu juga ada yang berburu foto serta berkuliner di sekitar kawasan masjid.",Semarang,Tempat Ibadah,https://storage.googleapis.com/semaroam-photos/358_Masjid%20Kapal%20Semarang.jpg
353,Taman Srigunting,5,"Merupakan salah satu landmark di Kawasan Kota Lama Semarang, Taman Srigunting pada masa kolonial belanda berwujud parade plein untuk panggung parade, kini menjadi sebuah ruang terbuka berupa taman yang menjadi salah satu tempat untuk berkumpul atau berkegiatan komunitas. Taman Srigunting berada di Jalan Letjen Suprapto 32 Kawasan Kota Lama, di sisi selatan terdapat Gedung Marba, di barat daya terdapat Gedung Jiwasraya, di sisi barat terdapat Gereja Blenduk serta di sisi timur terdapat Gedung Kerta Niaga. Taman ini beberapa kali mengalami renovasi, seperti pada tahun 2001 dan tahun 2004. Pada tahun 2001, Taman Srigunting dikembalikan pada fungsi raung terbuka untuk rekreatif, setelah sebelumnya merupakan taman pasif. Pada tahun 2004 renovasi taman ini dengan membuat jalan masuk pada masing-masing sisi, hingga terdapat empat jalan masuk. Dan di tengah tengah dibuat tiang lampu penerangan yang bercabang empat untuk menerangi empat sisi jalan masuk tersebut.
",Semarang,Taman Hiburan,https://storage.googleapis.com/semaroam-photos/353_Taman%20Srigunting.jpg
364,Water Blaster Bukit Candi Golf,3,"Buat kamu yang bingung mau rekreasi kemana di Semarang, langsung saja ke Water Blaster Semarang. Waterpark yang menyediakan banyak permainan dan atraksi seru yang semuanya layak untuk dicoba. Dengan total lebih dari 20 wahana air yang siap memberikan pengalaman seru buat pecinta tantangan wahana air. Bendulan, Blaster Warior, Jungle Tree, Great Wall sedikit dari puluhan wahana lain yang bisa dimainkan. Tentu semua ditunjang dengan fasilitas yang lengkap seperti Gazebo, Family Gazebo, Vip Court, dll semua ada untuk menambah kenyamanan setiap pengunjung yang akan bermain di Waterpark kota lumpia ini.",Semarang,Taman Hiburan,https://storage.googleapis.com/semaroam-photos/364_Water%20Blaster%20Bukit%20Candi%20Golf.jpg
345,Kampoeng Djadhoel Semarang,2,"Kampoeng Djadhoel terletak di Kampung Batik Semarang tepatnya di Kampung Batik Tengah RT 04/ RW 02 Kelurahan Rejomulyo, Kecamatan Semarang Timur. Penamaan Kampoeng Djadhoel ini tercetus sejak 18 Desember 2016 oleh Ignatius Luwiyanto (50) warga Kampung Batik Tengah. Sejarah Indonesia menjadi latar belakang penamaan KampoengDjadhoel.",Semarang,Budaya,https://storage.googleapis.com/semaroam-photos/345_Kampoeng%20Djadhoel%20Semarang.jpeg
388,Watu Gunung Ungaran,2,"Objek wisata alam memang sangat cocok dikunjungi, terlebih saat akhir pekan. Ditambah lagi, lokasi objek wisata yang tidak terlalu jauh dari pusat kota. Seperti objek wisata Watu Gunung yang ada di Ungaran, Kota Semarang. Berkunjung ke wisata alam dapat membuat pikiran menjadi segar. Terlebih, objek wisata ini menawarkan wisata alam dan air yang menawan. Selain itu, dipadukan juga dengan nuansa adat Jawa yang khas. Dulunya, kawasan Watu Gunung ini bukanlah suatu objek wisata. Hanya tanah yang ditumbuhi pohon pala dan cengkeh yang lebat. Sayangnya, kawasan tersebut gersang dan susah mendapatkan air. Kemudian, di tahun 2004 sang pemilik berinisiatif untuk mendirikan villa pribadi. Dan lama kelamaan, dibuatlah objek wisata yang dibuka untuk umum. Dengan tetap mempertahankan bangunan joglo sebagai ciri khasnya.",Semarang,Cagar Alam,https://storage.googleapis.com/semaroam-photos/388_Watu%20Gunung%20Ungaran.jpg
380,Masjid Agung Ungaran,5,"Masjid Agung Al-Mabrur berlokasi di Jln. Ahmad Yani, Desa Sidomulyo, Kecamatan Ungaran Tibur, Kabupaten Semarang, Provinsi Jawa Tengah. Masjid ini juga menjadi Masjid Agung Bagi Kabupaten Semarang, Ibukota Provinsi Jawa Tengah. Masjid Agung Al-Mabrur juga dikenal sebelumnya dengan Masjid Ikatan Persaudaraan Haji Indonesia (IPHI). Pembangunan masjid ini dimulai pada tahun 2010 silam dengan pendirian yang mengambil lahan seluas 3.200 meter persegi, dengan luas bangunannya sekitar 1.550 persegi. Karena memang ditujukan untuk menjadi Masjid Agung Kota Semarang, maka bangunan masjid ini pun didirikan tepat menghadap Alun-Alun Kota Semarang, atau lebih dikenal sebagai “Alun-Alun Asmara” dan berseberangan dengan Rumah Dinas Bupati Semarang.",Semarang,Tempat Ibadah,https://storage.googleapis.com/semaroam-photos/380_Masjid%20Agung%20Ungaran.png
343,Pantai Baruna,2,"kunjungi Pantai Baruna yang berada di Kota Semarang, Jawa Tengah! Pantai yang satu ini akan memberikan pengalaman wisata yang berbeda. Pasalnya, di sini tidak ada hamparan pasir. Memang Pantai Baruna merupakan objek wisata ‘tidak resmi’ milik Kota Semarang. Pantai ini berada di belakang kawasan pabrik semen. Sehingga tidak ada kepadatan wisatawan atau tempat berselancar di sini. Yang ada hanyalah hamparan padang rumput dan ilalang di hadapan Laut Jawa yang tenang.",Semarang,Bahari,https://storage.googleapis.com/semaroam-photos/343_Pantai%20Baruna.jpg
354,Semarang Contemporary Art Gallery,3,Salah satu wisata yang berbau seni di Semarang bisa kamu temukan di kawasan Kota Lama yakni Semarang Contemporary Art Gallery atau lebih mudahnya disebut sebagai Galsem yang berarti Galeri Semarang. Semarang Gallery ini adalah salah satu museum seni yang cukup terkenal dan sampai saat ini masih sangat populer di kalangan wisatawan terutama para pecinta seni. Karya-karya seni yang dipamerkan disini merupakan hasil tangan dingin para seniman handal dari seluruh penjuru Nusantara.,Semarang,Budaya,https://storage.googleapis.com/semaroam-photos/354_Semarang%20Contemporary%20Art%20Gallery.jpg
351,Old City 3D Trick Art Museum,2,"Destinasi wisata kekinian satu ini memang tengah naik daun di banyak kota termasuk Semarang. Salah satunya Old City 3D Trick Art Museum, museum dengan tema Seni 3 Dimensi yang menyuguhkan sensasi berbeda dari museum biasa. Karena di dalamnya dipamerkan aneka karya seni 3 dimensi yang atraktif untuk berfoto. Destinasi wisata ini masih terus ramai kunjungan lantaran terus berinovasi. Setiap 3 bulan sekali, pihak pengelola akan mengganti tema atau instalasi karya seninya sehingga pengunjung bisa datang berkali-kali tanpa bosan.",Semarang,Budaya,https://storage.googleapis.com/semaroam-photos/351_Old%20City%203D%20Trick%20Art%20Museum.jpg
363,Pantai Maron,2,"Pantai Maron (bahasa Jawa: ꦥꦱꦶꦱꦶꦂ​ꦩꦫꦺꦴꦤ꧀, translit. Pasisir Maron) yang terletak di sebelah barat Semarang, tepatnya di sekitar muara Sungai Silandak ini, bisa ditempuh dari dua tempat, yaitu dari Bandara Ahmad Yani atau dari Perumahan Graha Padma, Krapyak. Kira-kira berjarak 3 km dari jalan raya kita sudah bisa sampai di lokasi. Jika menggunakan kendaraan bisa ditempuh sekitar 10 menit. Namun jika ingin jalan kaki, dari ujung perumahan Graha Padma saja bisa memakan waktu 30 menit.\nNama Maron sendiri konon karena pantai ini masih merupakan milik Penerbangan TNI Angkatan Darat (Penerbad), karena merah maroon merupakan warna khas baret Penerbad, maka pantai ini disebut Pantai Maron. Memang kurang jelas siapa yang mengelola Pantai Maron. Yang jelas setiap masuk pantai Maron kita cukup membayar 2 ribu rupiah, untuk biaya parkir.\nJika berkunjung ke Pantai Maron pada Sabtu Sore, Minggu Pagi, Minggu Sore, atau hari-hari libur, bisa dipastikan banyak wisatawan dari area Semarang maupun luar kota. Bahkan bisa dikatakan tidak kalah dari jumlah pelancong di Parangtritis, Yogyakarta ataupun Kuta, Bali. Hampir setiap sudut pantai dan warung-warung di tepi pantai penuh oleh pengunjung.",Semarang,Bahari,https://storage.googleapis.com/semaroam-photos/363_Pantai%20Maron.jpg
387,Obyek Wisata Goa Kreo,5,"Goa Kreo Semarang yang berada di ibukota Jawa Tengah ini begitu hit di kalangan netizen. Tak heran jika cuaca cerah, antrian menuju ke sana begitu mengular. Meski tak ada angkutan umum menuju ke sana, tak menghalangi rasa penasaran wisatawan. Gua ini terbentuk secara alami yang membedakan gua ini dengan gua lainnya adalah letaknya. lokasinya terletak di tengah waduk jatibarang, sebuah bendungan yang membendung Sungai Kreo.",Semarang,Cagar Alam,https://storage.googleapis.com/semaroam-photos/387_Obyek%20Wisata%20Goa%20Kreo.jpg
361,Wisata Kampung Krisan Clapar,1,"Wisata Kampung Krisan Gemah Ripah di Dusun Clapar Desa Duren Kecamatan Bandungan Kabupaten Semarang bisa jadi altenatif liburan. Di tempat ini terhampar kebun bunga warna warni yang memesona. Itu adalah kompleks wisata perkebunan bunga krisan beragam varietas. Setidaknya ada 20 varietas yang dikembangkan oleh Kelompok Tani Gemah Ripah sejak dua tahun terakhir ini. Dan objek tersebut mulai dibuka untuk umum sebagai jujukan wisatawan pada 6 November 2016. Di atas lahan terasering seluas sekitar 12 hektar itu, Anda bakal diajak berkeliling di kebun bunga krisan yang khusus untuk kunjungan wisatawan di luasan lahan 6,5 hektar. Setidaknya ada 3 kebun yang disiapkan pihak pengelola untuk pengunjung.",Semarang,Taman Hiburan,https://storage.googleapis.com/semaroam-photos/361_Kampung%20Krisan%20Clapar.jpg
370,Benteng Pendem,1,"Benteng Pendem Cilacap (bahasa Belanda: Kustbatterij op de Landtong te Cilacap), adalah benteng peninggalan Belanda di pesisir pantai Teluk Penyu kabupaten Cilacap, Jawa Tengah yang dibangun pada tahun 1861. Bangunan ini merupakan bekas markas pertahanan tentara Hindia Belanda yang dibangun di area seluas 6,5 hektare secara bertahap selama 18 tahun, dari tahun 1861 hingga 1879. Benteng pendem sempat tertutup tanah pesisir pantai dan tidak terurus. Benteng ini kemudian ditemukan dan mulai digali pemerintah Cilacap tahun 1986. Saat ini, pemerintah Kabupaten Cilacap menjadikan benteng ini sebagai tempat wisata sejarah
",Semarang,Budaya,https://storage.googleapis.com/semaroam-photos/370_Benteng%20Pendem.jpg
350,Pantai Cipta,4,"Pantai Cipta juga dikenal sebagai Pantai Petikemas, karena jarak dan letaknya dekat dengan Pantai Petikemas. Tempat wisata di semarang Pantai Cipta hanya memiliki sedikit hamparan pasir dan didominasi bebatuan. Pantai Cipta menjadi satu destinasi wisata favorit bagi warga Semarang karena mempunyai keunikan dari pemandangan hingga lingkungan sekitarnya. Berfoto selfie menjadi kegiatan utama di pantai tersebut karena banyak spot menarik yang bisa diabadikan. Pada akhir pekan atau hari libur panjang, para wisatawan sering memenuhi Pantai Cipta untuk sekedar melihat pemandangan pantai. Namun pantai Cipta ini memiliki ombak yang tenang, sehingga aman digunakan untuk berenang. Dipantai Cipta sendiri terdapat banyak ilalang yang menambah indah pemandangan dan menjadi surga para pemburu selfie. Keberadaan ilalang inilah yang menjadi daya tarik para pengunjung untuk datang ke pantai Cipta hanya sekedar untuk berselfie.
",Semarang,Bahari,https://storage.googleapis.com/semaroam-photos/350_Pantai%20Cipta.jpg